SeqID,Strain,Genotype,const_PB2,const_PB1,const_PA,const_HA,const_NP,const_NA,const_M,const_NS,Constellation,PB2,PB1,PA,HA,NP,NA,M,NS
22-001743-007,A/Gadwall/South Carolina/22-001743-007/2022,A1,ea1,ea1,ea1,ea1,ea1,ea1,ea1,ea1,ea1|ea1|ea1|ea1|ea1|ea1|ea1|ea1,OQ961177,OQ961178,OQ961179,OQ961180,OQ961181,OQ961182,OQ961183,OQ961184
22-001330-012,A/American Wigeon/North Carolina/22-001330-012/2022,A1,ea1,ea1,ea1,ea1,ea1,ea1,ea1,ea1,ea1|ea1|ea1|ea1|ea1|ea1|ea1|ea1,OQ957897,OQ957898,OQ957899,OQ957900,OQ957901,OQ957902,OQ957903,OQ957904
22-008835-004,A/Snow Goose/New York/22-008835-004/2022,A1,ea1,ea1,ea1,ea1,ea1,ea1,ea1,ea1,ea1|ea1|ea1|ea1|ea1|ea1|ea1|ea1,OQ964209,OQ964210,OQ964211,OQ964212,OQ964213,OQ964214,OQ964215,OQ964216
22-010298-002,A/Chicken/North Carolina/22-010298-002/2022,A1,ea1,ea1,ea1,ea1,ea1,ea1,ea1,ea1,ea1|ea1|ea1|ea1|ea1|ea1|ea1|ea1,OQ967753,OQ967754,OQ967755,OQ967756,OQ967757,OQ967758,OQ967759,OQ967760
22-010008-001,A/Pheasant/Texas/22-010008-001/2022,A1,ea1,ea1,ea1,ea1,ea1,ea1,ea1,ea1,ea1|ea1|ea1|ea1|ea1|ea1|ea1|ea1,OQ962793,OQ962794,OQ962795,OQ962796,OQ962797,OQ962798,OQ962799,OQ962800
22-009412-001,A/Backyard bird/Maine/22-009412-001/2022,A1,ea1,ea1,ea1,ea1,ea1,ea1,ea1,ea1,ea1|ea1|ea1|ea1|ea1|ea1|ea1|ea1,OQ958329,OQ958330,OQ958331,OQ958332,OQ958333,OQ958334,OQ958335,OQ958336
22-009982-002,A/Turkey/North Carolina/22-009982-002/2022,A1,ea1,ea1,ea1,ea1,ea1,ea1,ea1,ea1,ea1|ea1|ea1|ea1|ea1|ea1|ea1|ea1,OQ966217,OQ966218,OQ966219,OQ966220,OQ966221,OQ966222,OQ966223,OQ966224
22-007545-005,A/Chicken/Wisconsin/22-007545-005/2022,A1,ea1,ea1,ea1,ea1,ea1,ea1,ea1,ea1,ea1|ea1|ea1|ea1|ea1|ea1|ea1|ea1,OQ968001,OQ968002,OQ968003,OQ968004,OQ968005,OQ968006,OQ968007,OQ968008
22-001330-017,A/American Wigeon/North Carolina/22-001330-017/2022,A1,ea1,ea1,ea1,ea1,ea1,ea1,ea1,ea1,ea1|ea1|ea1|ea1|ea1|ea1|ea1|ea1,OQ957913,OQ957914,OQ957915,OQ957916,OQ957917,OQ957918,OQ957919,OQ957920
22-006944-002,A/Turkey/Missouri/22-006944-002/2022,A1,ea1,ea1,ea1,ea1,ea1,ea1,ea1,ea1,ea1|ea1|ea1|ea1|ea1|ea1|ea1|ea1,OQ966137,OQ966138,OQ966139,OQ966140,OQ966141,OQ966142,OQ966143,OQ966144
22-003707-003,A/Turkey/Indiana/22-003707-003/2022,A1,ea1,ea1,ea1,ea1,ea1,ea1,ea1,ea1,ea1|ea1|ea1|ea1|ea1|ea1|ea1|ea1,OQ965225,OQ965226,OQ965227,OQ965228,OQ965229,OQ965230,OQ965231,OQ965232
22-010298-001,A/Chicken/North Carolina/22-010298-001/2022,A1,ea1,ea1,ea1,ea1,ea1,ea1,ea1,ea1,ea1|ea1|ea1|ea1|ea1|ea1|ea1|ea1,OQ967745,OQ967746,OQ967747,OQ967748,OQ967749,OQ967750,OQ967751,OQ967752
22-007376-007,A/Chicken/Iowa/22-007376-007/2022,A1,ea1,ea1,ea1,ea1,ea1,ea1,ea1,ea1,ea1|ea1|ea1|ea1|ea1|ea1|ea1|ea1,OQ967289,OQ967290,OQ967291,OQ967292,OQ967293,OQ967294,OQ967295,OQ967296
22-009332-001,A/Turkey/North Carolina/22-009332-001/2022,A1,ea1,ea1,ea1,ea1,ea1,ea1,ea1,ea1,ea1|ea1|ea1|ea1|ea1|ea1|ea1|ea1,OQ966177,OQ966178,OQ966179,OQ966180,OQ966181,OQ966182,OQ966183,OQ966184
22-006259-001,A/Turkey/Indiana/22-006259-001/2022,A1,ea1,ea1,ea1,ea1,ea1,ea1,ea1,ea1,ea1|ea1|ea1|ea1|ea1|ea1|ea1|ea1,OQ965297,OQ965298,OQ965299,OQ965300,OQ965301,OQ965302,OQ965303,OQ965304
22-008377-002,A/Graylag Goose/Illinois/22-008377-002/2022,A1,ea1,ea1,ea1,ea1,ea1,ea1,ea1,ea1,ea1|ea1|ea1|ea1|ea1|ea1|ea1|ea1,OQ961201,OQ961202,OQ961203,OQ961204,OQ961205,OQ961206,OQ961207,OQ961208
22-009981-003,A/Turkey/North Carolina/22-009981-003/2022,A1,ea1,ea1,ea1,ea1,ea1,ea1,ea1,ea1,ea1|ea1|ea1|ea1|ea1|ea1|ea1|ea1,OQ966193,OQ966194,OQ966195,OQ966196,OQ966197,OQ966198,OQ966199,OQ966200
22-001330-029,A/American Wigeon/North Carolina/22-001330-029/2022,A1,ea1,ea1,ea1,ea1,ea1,ea1,ea1,ea1,ea1|ea1|ea1|ea1|ea1|ea1|ea1|ea1,OQ957977,OQ957978,OQ957979,OQ957980,OQ957981,OQ957982,OQ957983,OQ957984
22-005154-004,A/Gadwall/Kentucky/22-005154-004/2022,A1,ea1,ea1,ea1,ea1,ea1,ea1,ea1,ea1,ea1|ea1|ea1|ea1|ea1|ea1|ea1|ea1,OQ961081,OQ961082,OQ961083,OQ961084,OQ961085,OQ961086,OQ961087,OQ961088
22-008227-001,A/Swan/Nebraska/22-008227-001/2022,A1,ea1,ea1,ea1,ea1,ea1,ea1,ea1,ea1,ea1|ea1|ea1|ea1|ea1|ea1|ea1|ea1,OQ965121,OQ965122,OQ965123,OQ965124,OQ965125,OQ965126,OQ965127,OQ965128
22-003359-006,A/Mallard/New Hampshire/22-003359-006/2022,A1,ea1,ea1,ea1,ea1,ea1,ea1,ea1,ea1,ea1|ea1|ea1|ea1|ea1|ea1|ea1|ea1,OQ962265,OQ962266,OQ962267,OQ962268,OQ962269,OQ962270,OQ962271,OQ962272
22-001672-005,A/American Wigeon/North Carolina/22-001672-005/2022,A1,ea1,ea1,ea1,ea1,ea1,ea1,ea1,ea1,ea1|ea1|ea1|ea1|ea1|ea1|ea1|ea1,OQ958009,OQ958010,OQ958011,OQ958012,OQ958013,OQ958014,OQ958015,OQ958016
22-007273-001,A/Chicken/Maryland/22-007273-001/2022,A1,ea1,ea1,ea1,ea1,ea1,ea1,ea1,ea1,ea1|ea1|ea1|ea1|ea1|ea1|ea1|ea1,OQ967457,OQ967458,OQ967459,OQ967460,OQ967461,OQ967462,OQ967463,OQ967464
22-002578-009,A/Blue-winged Teal/Florida/22-002578-009/2022,A1,ea1,ea1,ea1,ea1,ea1,ea1,ea1,ea1,ea1|ea1|ea1|ea1|ea1|ea1|ea1|ea1,OQ960385,OQ960386,OQ960387,OQ960388,OQ960389,OQ960390,OQ960391,OQ960392
22-010155-001,A/Backyard bird/Nebraska/22-010155-001/2022,A1,ea1,ea1,ea1,ea1,ea1,ea1,ea1,ea1,ea1|ea1|ea1|ea1|ea1|ea1|ea1|ea1,OQ958729,OQ958730,OQ958731,OQ958732,OQ958733,OQ958734,OQ958735,OQ958736
